{
  "experiment": "fbcsp_svm_2a",
  "model": "svm",
  "features": "fbcsp",
  "subjects": [
    {
      "subject": 1,
      "skipped": false,
      "mean_accuracy": 0.9233333333333335,
      "std_accuracy": 0.07969471228088398,
      "mean_kappa": 0.8473684210526315,
      "scores": [
        1.0,
        0.8666666666666667,
        1.0,
        0.8666666666666667,
        0.8571428571428571,
        1.0,
        0.8571428571428571,
        1.0,
        0.7857142857142857,
        1.0
      ],
      "model_path": "/Volumes/Atelier/Projects/Thesis/results/fbcsp_svm_2a/models/fbcsp_svm_2a_sub1.pkl"
    }
  ],
  "summary": {
    "mean_accuracy": 0.9233333333333335,
    "mean_kappa": 0.8473684210526315,
    "n_subjects": 1
  }
}