{
  "n_splits": 5,
  "metric_names": [
    "accuracy",
    "kappa",
    "f1_weighted",
    "roc_auc"
  ],
  "mean_metrics": {
    "accuracy": 0.9514778325123153,
    "kappa": 0.9029219656645407,
    "f1_weighted": 0.9513864317201358,
    "roc_auc": 0.990340136054422
  },
  "std_metrics": {
    "accuracy": 0.0350723694804484,
    "kappa": 0.07032702297098525,
    "f1_weighted": 0.03516561789508846,
    "roc_auc": 0.009039175641835697
  },
  "overall_metrics": {
    "accuracy": 0.9513888888888888,
    "kappa": 0.9027777777777778,
    "f1_weighted": 0.9513302109989861,
    "roc_auc": 0.986496913580247,
    "confusion_matrix": [
      [
        71,
        1
      ],
      [
        6,
        66
      ]
    ],
    "labels": [
      769,
      770
    ]
  },
  "folds": [
    {
      "fold": 0,
      "metrics": {
        "accuracy": 0.9655172413793104,
        "kappa": 0.9311163895486936,
        "f1_weighted": 0.9655172413793104,
        "roc_auc": 0.9761904761904762,
        "confusion_matrix": [
          [
            14,
            0
          ],
          [
            1,
            14
          ]
        ],
        "labels": [
          769,
          770
        ]
      },
      "n_samples": 29,
      "y_true": [
        770,
        769,
        769,
        770,
        770,
        770,
        769,
        769,
        770,
        770,
        769,
        770,
        769,
        769,
        770,
        769,
        770,
        770,
        770,
        769,
        770,
        769,
        769,
        769,
        769,
        770,
        769,
        770,
        770
      ],
      "y_pred": [
        769,
        769,
        769,
        770,
        770,
        770,
        769,
        769,
        770,
        770,
        769,
        770,
        769,
        769,
        770,
        769,
        770,
        770,
        770,
        769,
        770,
        769,
        769,
        769,
        769,
        770,
        769,
        770,
        770
      ],
      "y_proba": [
        [
          0.996905505657196,
          0.003094464773312211
        ],
        [
          0.9967753291130066,
          0.0032246906775981188
        ],
        [
          0.9972122311592102,
          0.0027878086548298597
        ],
        [
          0.00014056722284294665,
          0.9998594522476196
        ],
        [
          0.007162483409047127,
          0.9928374886512756
        ],
        [
          0.0001806378859328106,
          0.9998193383216858
        ],
        [
          0.9928828477859497,
          0.007117151748389006
        ],
        [
          0.9999996423721313,
          3.003035544679733e-07
        ],
        [
          1.4055416386327124e-07,
          0.9999998807907104
        ],
        [
          6.623542958550388e-08,
          0.9999998807907104
        ],
        [
          0.9966793060302734,
          0.003320666030049324
        ],
        [
          4.098422556192416e-12,
          1.0
        ],
        [
          0.9999792575836182,
          2.0791138013009913e-05
        ],
        [
          0.9999849796295166,
          1.5052370144985616e-05
        ],
        [
          2.0011830734190106e-12,
          1.0
        ],
        [
          0.999548614025116,
          0.00045139517169445753
        ],
        [
          1.6878610509252212e-08,
          1.0
        ],
        [
          1.217154249388841e-06,
          0.9999988079071045
        ],
        [
          3.247615509849311e-08,
          1.0
        ],
        [
          0.9979748129844666,
          0.002025192603468895
        ],
        [
          1.3281936661613258e-10,
          1.0
        ],
        [
          0.9992495179176331,
          0.0007504019304178655
        ],
        [
          0.9999977350234985,
          2.3185521058621816e-06
        ],
        [
          0.9958908557891846,
          0.004109127447009087
        ],
        [
          0.9915505647659302,
          0.008449465967714787
        ],
        [
          0.04740700498223305,
          0.9525929689407349
        ],
        [
          0.9996281862258911,
          0.00037182861706241965
        ],
        [
          1.8781134713208303e-05,
          0.999981164932251
        ],
        [
          3.6162414886577524e-14,
          1.0
        ]
      ]
    },
    {
      "fold": 1,
      "metrics": {
        "accuracy": 0.9310344827586207,
        "kappa": 0.8625592417061612,
        "f1_weighted": 0.9308702791461412,
        "roc_auc": 1.0,
        "confusion_matrix": [
          [
            14,
            0
          ],
          [
            2,
            13
          ]
        ],
        "labels": [
          769,
          770
        ]
      },
      "n_samples": 29,
      "y_true": [
        770,
        770,
        769,
        769,
        769,
        769,
        769,
        770,
        770,
        770,
        769,
        769,
        770,
        769,
        770,
        769,
        770,
        770,
        770,
        769,
        770,
        769,
        770,
        770,
        769,
        770,
        770,
        769,
        769
      ],
      "y_pred": [
        769,
        770,
        769,
        769,
        769,
        769,
        769,
        770,
        770,
        770,
        769,
        769,
        770,
        769,
        770,
        769,
        770,
        770,
        770,
        769,
        769,
        769,
        770,
        770,
        769,
        770,
        770,
        769,
        769
      ],