{
  "n_splits": 5,
  "metric_names": [
    "accuracy",
    "kappa",
    "f1_weighted",
    "roc_auc"
  ],
  "mean_metrics": {
    "accuracy": 0.7701970443349755,
    "kappa": 0.5381930326885657,
    "f1_weighted": 0.7661562743848618,
    "roc_auc": 0.8336734693877551
  },
  "std_metrics": {
    "accuracy": 0.05073891625615763,
    "kappa": 0.10156945956174268,
    "f1_weighted": 0.05183782355075828,
    "roc_auc": 0.08114308983117242
  },
  "overall_metrics": {
    "accuracy": 0.7708333333333334,
    "kappa": 0.5416666666666667,
    "f1_weighted": 0.7699346405228759,
    "roc_auc": 0.8393132716049383,
    "confusion_matrix": [
      [
        51,
        21
      ],
      [
        12,
        60
      ]
    ],
    "labels": [
      769,
      770
    ]
  },
  "folds": [
    {
      "fold": 0,
      "metrics": {
        "accuracy": 0.8275862068965517,
        "kappa": 0.6539379474940334,
        "f1_weighted": 0.8271742265068184,
        "roc_auc": 0.8761904761904762,
        "confusion_matrix": [
          [
            11,
            3
          ],
          [
            2,
            13
          ]
        ],
        "labels": [
          769,
          770
        ]
      },
      "n_samples": 29,
      "y_true": [
        770,
        769,
        769,
        770,
        770,
        770,
        769,
        770,
        769,
        769,
        770,
        769,
        770,
        769,
        770,
        770,
        769,
        770,
        770,
        769,
        770,
        769,
        769,
        769,
        769,
        770,
        770,
        769,
        770
      ],
      "y_pred": [
        770,
        769,
        769,
        770,
        769,
        770,
        770,
        770,
        769,
        769,
        770,
        769,
        770,
        769,
        770,
        770,
        769,
        770,
        770,
        769,
        770,
        769,
        769,
        770,
        770,
        769,
        770,
        769,
        770
      ],
      "y_proba": [
        [
          0.2676191031932831,
          0.7323808670043945
        ],
        [
          0.9999983310699463,
          1.6260778465948533e-06
        ],
        [
          0.9999796152114868,
          2.0341134586487897e-05
        ],
        [
          0.4040850102901459,
          0.5959150195121765
        ],
        [
          0.7095820307731628,
          0.29041793942451477
        ],
        [
          0.4617806673049927,
          0.5382193326950073
        ],
        [
          0.16618166863918304,
          0.833818256855011
        ],
        [
          0.3695923686027527,
          0.6304076313972473
        ],
        [
          0.7958652973175049,
          0.2041347622871399
        ],
        [
          0.8828175067901611,
          0.11718249320983887
        ],
        [
          0.14985713362693787,
          0.8501428961753845
        ],
        [
          0.5386461615562439,
          0.4613538384437561
        ],
        [
          0.26028093695640564,
          0.7397190928459167
        ],
        [
          0.986070454120636,
          0.013929586857557297
        ],
        [
          0.03876875340938568,
          0.9612312316894531
        ],
        [
          0.2929913401603699,
          0.7070086598396301
        ],
        [
          0.9845682382583618,
          0.015431743115186691
        ],
        [
          0.159014493227005,
          0.8409854769706726
        ],
        [
          0.4328584372997284,
          0.567141592502594
        ],
        [
          0.9882332682609558,
          0.011766737326979637
        ],
        [
          0.39840221405029297,
          0.601597785949707
        ],
        [
          0.8814814686775208,
          0.11851853877305984
        ],
        [
          0.9450226426124573,
          0.05497738718986511
        ],
        [
          0.2981667220592499,
          0.7018333077430725
        ],
        [
          0.38145408034324646,
          0.6185458898544312
        ],
        [
          0.7871046662330627,
          0.21289537847042084
        ],
        [
          0.18353988230228424,
          0.8164600729942322
        ],
        [
          0.9657427668571472,
          0.03425715118646622
        ],
        [
          0.06765620410442352,
          0.9323438405990601
        ]
      ]
    },
    {
      "fold": 1,
      "metrics": {
        "accuracy": 0.7586206896551724,
        "kappa": 0.5084745762711864,
        "f1_weighted": 0.741223982603293,
        "roc_auc": 0.7333333333333333,
        "confusion_matrix": [
          [
            7,
            7
          ],
          [
            0,
            15
          ]
        ],
        "labels": [
          769,
          770
        ]
      },
      "n_samples": 29,
      "y_true": [
        770,
        769,
        770,
        769,
        769,
        769,
        769,
        770,
        770,
        770,
        769,
        770,
        769,
        769,
        770,
        769,
        770,
        770,
        770,
        770,
        769,
        770,
        770,
        769,
        769,
        770,
        770,
        769,
        769
      ],
      "y_pred": [
        770,
        769,
        770,
        770,
        769,
        769,
        770,
        770,
        770,
        770,
        770,
        770,
        769,
        770,
        770,
        770,
        770,
        770,
        770,
        770,
        769,
        770,
        770,
        770,
        770,
        770,
        770,
        769,
        769
      ],