{
  "n_splits": 5,
  "metric_names": [
    "accuracy",
    "kappa",
    "f1_weighted",
    "roc_auc"
  ],
  "mean_metrics": {
    "accuracy": 0.5349753694581281,
    "kappa": 0.07631024848614709,
    "f1_weighted": 0.503899794783958,
    "roc_auc": 0.5807482993197279
  },
  "std_metrics": {
    "accuracy": 0.1024630541871921,
    "kappa": 0.19494506643329904,
    "f1_weighted": 0.122633361136779,
    "roc_auc": 0.141776541494284
  },
  "overall_metrics": {
    "accuracy": 0.5347222222222222,
    "kappa": 0.06944444444444442,
    "f1_weighted": 0.522541693472559,
    "roc_auc": 0.5794753086419753,
    "confusion_matrix": [
      [
        27,
        45
      ],
      [
        22,
        50
      ]
    ],
    "labels": [
      769,
      770
    ]
  },
  "folds": [
    {
      "fold": 0,
      "metrics": {
        "accuracy": 0.5517241379310345,
        "kappa": 0.12529002320185623,
        "f1_weighted": 0.48517846339987897,
        "roc_auc": 0.638095238095238,
        "confusion_matrix": [
          [
            3,
            12
          ],
          [
            1,
            13
          ]
        ],
        "labels": [
          769,
          770
        ]
      },
      "n_samples": 29,
      "y_true": [
        769,
        770,
        770,
        769,
        769,
        769,
        770,
        769,
        770,
        769,
        770,
        769,
        770,
        770,
        769,
        769,
        770,
        769,
        769,
        770,
        770,
        770,
        769,
        770,
        770,
        770,
        769,
        769,
        769
      ],
      "y_pred": [
        770,
        770,
        770,
        769,
        770,
        770,
        770,
        770,
        770,
        770,
        769,
        770,
        770,
        770,
        770,
        770,
        770,
        770,
        770,
        770,
        770,
        770,
        770,
        770,
        770,
        770,
        769,
        770,
        769
      ],
      "y_proba": [
        [
          0.48896273970603943,
          0.511037290096283
        ],
        [
          0.48896607756614685,
          0.5110338926315308
        ],
        [
          0.4881894588470459,
          0.5118105411529541
        ],
        [
          0.5002065896987915,
          0.49979332089424133
        ],
        [
          0.48406022787094116,
          0.5159397125244141
        ],
        [
          0.4999387860298157,
          0.5000611543655396
        ],
        [
          0.4863666594028473,
          0.5136333107948303
        ],
        [
          0.491523802280426,
          0.5084762573242188
        ],
        [
          0.4890119135379791,
          0.5109880566596985
        ],
        [
          0.4976824223995209,
          0.502317488193512
        ],
        [
          0.5027146339416504,
          0.497285395860672
        ],
        [
          0.492224782705307,
          0.5077751874923706
        ],
        [
          0.4886692464351654,
          0.5113308429718018
        ],
        [
          0.49660101532936096,
          0.5033989548683167
        ],
        [
          0.49145349860191345,
          0.5085465312004089
        ],
        [
          0.48765209317207336,
          0.5123478770256042
        ],
        [
          0.48976391553878784,
          0.5102360844612122
        ],
        [
          0.4989621341228485,
          0.5010378956794739
        ],
        [
          0.49816444516181946,
          0.5018355250358582
        ],
        [
          0.4839761555194855,
          0.5160238742828369
        ],
        [
          0.4967847764492035,
          0.5032152533531189
        ],
        [
          0.4934714138507843,
          0.5065286159515381
        ],
        [
          0.49306854605674744,
          0.5069314241409302
        ],
        [
          0.4921136796474457,
          0.5078862309455872
        ],
        [
          0.49125128984451294,
          0.5087487697601318
        ],
        [
          0.493681937456131,
          0.5063180923461914
        ],
        [
          0.5023778676986694,
          0.4976221024990082
        ],
        [
          0.48735693097114563,
          0.512643039226532
        ],
        [
          0.5026348233222961,
          0.49736520648002625
        ]
      ]
    },
    {
      "fold": 1,
      "metrics": {
        "accuracy": 0.3448275862068966,
        "kappa": -0.2843822843822845,
        "f1_weighted": 0.28411662894421513,
        "roc_auc": 0.3333333333333333,
        "confusion_matrix": [
          [
            1,
            14
          ],
          [
            5,
            9
          ]
        ],
        "labels": [
          769,
          770
        ]
      },
      "n_samples": 29,
      "y_true": [
        769,
        770,
        770,
        769,
        770,
        770,
        769,
        770,
        769,
        769,
        769,
        770,
        770,
        770,
        769,
        770,
        769,
        769,
        769,
        769,
        770,
        769,
        770,
        770,
        770,
        770,
        769,
        769,
        769
      ],
      "y_pred": [
        770,
        770,
        769,
        770,
        770,
        770,
        770,
        770,
        770,
        770,
        770,
        769,
        769,
        769,
        770,
        769,
        770,
        769,
        770,
        770,
        770,
        770,
        770,
        770,
        770,
        770,
        770,
        770,
        770
      ],