{
  "n_splits": 5,
  "metric_names": [
    "accuracy",
    "kappa",
    "f1_weighted",
    "roc_auc"
  ],
  "mean_metrics": {
    "accuracy": 0.4931034482758621,
    "kappa": -0.013246013746463569,
    "f1_weighted": 0.4667087969574393,
    "roc_auc": 0.5209523809523808
  },
  "std_metrics": {
    "accuracy": 0.02580453370188926,
    "kappa": 0.047487275863689796,
    "f1_weighted": 0.0263468202619958,
    "roc_auc": 0.08360364322801804
  },
  "overall_metrics": {
    "accuracy": 0.4930555555555556,
    "kappa": -0.01388888888888884,
    "f1_weighted": 0.4924436289894259,
    "roc_auc": 0.50366512345679,
    "confusion_matrix": [
      [
        38,
        34
      ],
      [
        39,
        33
      ]
    ],
    "labels": [
      769,
      770
    ]
  },
  "folds": [
    {
      "fold": 0,
      "metrics": {
        "accuracy": 0.5172413793103449,
        "kappa": 0.009756097560975618,
        "f1_weighted": 0.44348659003831414,
        "roc_auc": 0.6,
        "confusion_matrix": [
          [
            13,
            2
          ],
          [
            12,
            2
          ]
        ],
        "labels": [
          769,
          770
        ]
      },
      "n_samples": 29,
      "y_true": [
        769,
        770,
        770,
        769,
        769,
        769,
        770,
        769,
        770,
        769,
        770,
        769,
        770,
        770,
        769,
        769,
        770,
        769,
        769,
        770,
        770,
        770,
        769,
        770,
        770,
        770,
        769,
        769,
        769
      ],
      "y_pred": [
        769,
        769,
        769,
        769,
        770,
        769,
        769,
        769,
        769,
        769,
        769,
        769,
        769,
        769,
        769,
        769,
        770,
        769,
        769,
        769,
        770,
        769,
        770,
        769,
        769,
        769,
        769,
        769,
        769
      ],
      "y_proba": [
        [
          0.5584096908569336,
          0.4415903389453888
        ],
        [
          0.5252891182899475,
          0.4747108221054077
        ],
        [
          0.5139721035957336,
          0.48602786660194397
        ],
        [
          0.5418292880058289,
          0.45817071199417114
        ],
        [
          0.4969390630722046,
          0.5030608773231506
        ],
        [
          0.5279307961463928,
          0.47206926345825195
        ],
        [
          0.5143369436264038,
          0.4856630265712738
        ],
        [
          0.5144340991973877,
          0.4855658710002899
        ],
        [
          0.5324867367744446,
          0.4675132632255554
        ],
        [
          0.537652850151062,
          0.4623471796512604
        ],
        [
          0.5373876690864563,
          0.4626122713088989
        ],
        [
          0.5433593392372131,
          0.45664066076278687
        ],
        [
          0.5071557760238647,
          0.4928441643714905
        ],
        [
          0.5219951868057251,
          0.4780048429965973
        ],
        [
          0.515343189239502,
          0.48465681076049805
        ],
        [
          0.5331906080245972,
          0.46680939197540283
        ],
        [
          0.49557074904441833,
          0.5044293403625488
        ],
        [
          0.5086554288864136,
          0.4913445711135864
        ],
        [
          0.519737184047699,
          0.48026275634765625
        ],
        [
          0.5073338747024536,
          0.49266618490219116
        ],
        [
          0.43660232424736023,
          0.5633977055549622
        ],
        [
          0.5512414574623108,
          0.4487585425376892
        ],
        [
          0.48788678646087646,
          0.5121131539344788
        ],
        [
          0.5221790075302124,
          0.4778209924697876
        ],
        [
          0.5413979291915894,
          0.45860207080841064
        ],
        [
          0.5409079194068909,
          0.45909202098846436
        ],
        [
          0.5116080641746521,
          0.4883919656276703
        ],
        [
          0.5631865859031677,
          0.4368134140968323
        ],
        [
          0.544274091720581,
          0.45572587847709656
        ]
      ]
    },
    {
      "fold": 1,
      "metrics": {
        "accuracy": 0.5172413793103449,
        "kappa": 0.051401869158878455,
        "f1_weighted": 0.48310693138279354,
        "roc_auc": 0.4619047619047619,
        "confusion_matrix": [
          [
            4,
            11
          ],
          [
            3,
            11
          ]
        ],
        "labels": [
          769,
          770
        ]
      },
      "n_samples": 29,
      "y_true": [
        769,
        770,
        770,
        769,
        770,
        770,
        769,
        770,
        769,
        769,
        769,
        770,
        770,
        770,
        769,
        770,
        769,
        769,
        769,
        769,
        770,
        769,
        770,
        770,
        770,
        770,
        769,
        769,
        769
      ],
      "y_pred": [
        770,
        770,
        770,
        769,
        770,
        769,
        769,
        770,
        770,
        770,
        770,
        770,
        770,
        770,
        769,
        770,
        770,
        770,
        770,
        770,
        770,
        770,
        769,
        769,
        770,
        770,
        770,
        769,
        770
      ],