{
  "n_splits": 5,
  "metric_names": [
    "accuracy",
    "kappa",
    "f1_weighted",
    "roc_auc"
  ],
  "mean_metrics": {
    "accuracy": 0.65935960591133,
    "kappa": 0.31848038568519604,
    "f1_weighted": 0.6575479248226745,
    "roc_auc": 0.7308163265306122
  },
  "std_metrics": {
    "accuracy": 0.06142641844050976,
    "kappa": 0.12093273036463976,
    "f1_weighted": 0.06133075921169261,
    "roc_auc": 0.06366474735308712
  },
  "overall_metrics": {
    "accuracy": 0.6597222222222222,
    "kappa": 0.3194444444444444,
    "f1_weighted": 0.6597058114299492,
    "roc_auc": 0.7226080246913581,
    "confusion_matrix": [
      [
        47,
        25
      ],
      [
        24,
        48
      ]
    ],
    "labels": [
      769,
      770
    ]
  },
  "folds": [
    {
      "fold": 0,
      "metrics": {
        "accuracy": 0.6896551724137931,
        "kappa": 0.3800475059382423,
        "f1_weighted": 0.6896551724137931,
        "roc_auc": 0.7571428571428571,
        "confusion_matrix": [
          [
            10,
            4
          ],
          [
            5,
            10
          ]
        ],
        "labels": [
          769,
          770
        ]
      },
      "n_samples": 29,
      "y_true": [
        770,
        769,
        769,
        770,
        770,
        770,
        769,
        769,
        770,
        770,
        769,
        770,
        769,
        769,
        770,
        769,
        770,
        770,
        770,
        769,
        770,
        769,
        769,
        769,
        769,
        770,
        769,
        770,
        770
      ],
      "y_pred": [
        769,
        770,
        769,
        770,
        770,
        770,
        770,
        770,
        769,
        770,
        769,
        769,
        769,
        769,
        770,
        769,
        770,
        770,
        769,
        769,
        769,
        769,
        769,
        769,
        769,
        770,
        770,
        770,
        770
      ],
      "y_proba": [
        [
          0.9270450472831726,
          0.07295495271682739
        ],
        [
          0.44545409083366394,
          0.5545458793640137
        ],
        [
          0.7302364706993103,
          0.2697635591030121
        ],
        [
          0.02608869969844818,
          0.9739113450050354
        ],
        [
          0.032593533396720886,
          0.9674065113067627
        ],
        [
          0.08242347091436386,
          0.9175765514373779
        ],
        [
          0.14567619562149048,
          0.8543238043785095
        ],
        [
          0.2920335829257965,
          0.7079664468765259
        ],
        [
          0.6460479497909546,
          0.3539520800113678
        ],
        [
          0.4724583029747009,
          0.5275416970252991
        ],
        [
          0.9853242039680481,
          0.014675765298306942
        ],
        [
          0.9741250872612,
          0.02587491273880005
        ],
        [
          0.9856817722320557,
          0.014318249188363552
        ],
        [
          0.8086608052253723,
          0.19133923947811127
        ],
        [
          0.45731958746910095,
          0.5426804423332214
        ],
        [
          0.935875415802002,
          0.06412461400032043
        ],
        [
          0.41642531752586365,
          0.5835747718811035
        ],
        [
          0.20484448969364166,
          0.7951554656028748
        ],
        [
          0.7913013100624084,
          0.20869873464107513
        ],
        [
          0.783247709274292,
          0.216752290725708
        ],
        [
          0.5627720355987549,
          0.4372279942035675
        ],
        [
          0.9716511964797974,
          0.02834879420697689
        ],
        [
          0.8150471448898315,
          0.18495285511016846
        ],
        [
          0.9825944304466248,
          0.01740562729537487
        ],
        [
          0.8953145742416382,
          0.10468540340662003
        ],
        [
          0.4774184226989746,
          0.5225815773010254
        ],
        [
          0.2547847628593445,
          0.7452152371406555
        ],
        [
          0.05660807713866234,
          0.9433919191360474
        ],
        [
          0.24908578395843506,
          0.7509141564369202
        ]
      ]
    },
    {
      "fold": 1,
      "metrics": {
        "accuracy": 0.6551724137931034,
        "kappa": 0.30952380952380953,
        "f1_weighted": 0.6551724137931034,
        "roc_auc": 0.7238095238095238,
        "confusion_matrix": [
          [
            9,
            5
          ],
          [
            5,
            10
          ]
        ],
        "labels": [
          769,
          770
        ]
      },
      "n_samples": 29,
      "y_true": [
        770,
        770,
        769,
        769,
        769,
        769,
        769,
        770,
        770,
        770,
        769,
        769,
        770,
        769,
        770,
        769,
        770,
        770,
        770,
        769,
        770,
        769,
        770,
        770,
        769,
        770,
        770,
        769,
        769
      ],
      "y_pred": [
        770,
        769,
        769,
        769,
        769,
        769,
        770,
        770,
        770,
        770,
        770,
        770,
        770,
        769,
        769,
        769,
        770,
        769,
        770,
        769,
        769,
        770,
        770,
        770,
        769,
        769,
        770,
        769,
        770
      ],