{
  "n_splits": 5,
  "metric_names": [
    "accuracy",
    "kappa",
    "f1_weighted",
    "roc_auc"
  ],
  "mean_metrics": {
    "accuracy": 0.9509852216748769,
    "kappa": 0.9019702087718346,
    "f1_weighted": 0.9509413751905409,
    "roc_auc": 0.9891156462585033
  },
  "std_metrics": {
    "accuracy": 0.029064039408866992,
    "kappa": 0.058128101017593935,
    "f1_weighted": 0.0291105518299439,
    "roc_auc": 0.012085125437389094
  },
  "overall_metrics": {
    "accuracy": 0.9513888888888888,
    "kappa": 0.9027777777777778,
    "f1_weighted": 0.9513865444899928,
    "roc_auc": 0.9913194444444444,
    "confusion_matrix": [
      [
        69,
        3
      ],
      [
        4,
        68
      ]
    ],
    "labels": [
      769,
      770
    ]
  },
  "folds": [
    {
      "fold": 0,
      "metrics": {
        "accuracy": 0.9655172413793104,
        "kappa": 0.9307875894988067,
        "f1_weighted": 0.9654348453013636,
        "roc_auc": 1.0,
        "confusion_matrix": [
          [
            15,
            0
          ],
          [
            1,
            13
          ]
        ],
        "labels": [
          769,
          770
        ]
      },
      "n_samples": 29,
      "y_true": [
        769,
        770,
        770,
        769,
        769,
        769,
        770,
        769,
        770,
        769,
        770,
        769,
        770,
        770,
        769,
        769,
        770,
        769,
        769,
        770,
        770,
        770,
        769,
        770,
        770,
        770,
        769,
        769,
        769
      ],
      "y_pred": [
        769,
        769,
        770,
        769,
        769,
        769,
        770,
        769,
        770,
        769,
        770,
        769,
        770,
        770,
        769,
        769,
        770,
        769,
        769,
        770,
        770,
        770,
        769,
        770,
        770,
        770,
        769,
        769,
        769
      ],
      "y_proba": [
        [
          0.796778678894043,
          0.20322130620479584
        ],
        [
          0.5146550536155701,
          0.48534488677978516
        ],
        [
          0.032829463481903076,
          0.9671705961227417
        ],
        [
          0.9984448552131653,
          0.0015551451360806823
        ],
        [
          0.9999992847442627,
          6.926916853444709e-07
        ],
        [
          0.9991791844367981,
          0.0008207497303374112
        ],
        [
          1.5575574607851195e-08,
          1.0
        ],
        [
          0.9603007435798645,
          0.039699237793684006
        ],
        [
          0.0111548388376832,
          0.98884516954422
        ],
        [
          0.9691202640533447,
          0.030879786238074303
        ],
        [
          0.19009526073932648,
          0.8099047541618347
        ],
        [
          0.994595468044281,
          0.005404525902122259
        ],
        [
          0.016750356182456017,
          0.9832496047019958
        ],
        [
          0.20975419878959656,
          0.7902458310127258
        ],
        [
          0.9943780303001404,
          0.005621971562504768
        ],
        [
          0.9999374151229858,
          6.25261600362137e-05
        ],
        [
          0.005166716407984495,
          0.99483323097229
        ],
        [
          0.9999978542327881,
          2.136985585821094e-06
        ],
        [
          0.9999947547912598,
          5.200790837989189e-06
        ],
        [
          6.4443829614901915e-06,
          0.9999935626983643
        ],
        [
          3.7287081795511767e-06,
          0.9999963045120239
        ],
        [
          1.175440758061086e-07,
          0.9999998807907104
        ],
        [
          0.9995380640029907,
          0.0004620199033524841
        ],
        [
          8.708509085408878e-06,
          0.9999912977218628
        ],
        [
          0.0006958310259506106,
          0.9993041753768921
        ],
        [
          0.00468528363853693,
          0.9953147172927856
        ],
        [
          0.9986384510993958,
          0.0013614892959594727
        ],
        [
          0.9958934783935547,
          0.004106505773961544
        ],
        [
          0.9998874664306641,
          0.00011246345820836723
        ]
      ]
    },
    {
      "fold": 1,
      "metrics": {
        "accuracy": 0.9655172413793104,
        "kappa": 0.9311163895486936,
        "f1_weighted": 0.9655172413793104,
        "roc_auc": 0.980952380952381,
        "confusion_matrix": [
          [
            14,
            1
          ],
          [
            0,
            14
          ]
        ],
        "labels": [
          769,
          770
        ]
      },
      "n_samples": 29,
      "y_true": [
        769,
        770,
        770,
        769,
        770,
        770,
        769,
        770,
        769,
        769,
        769,
        770,
        770,
        770,
        769,
        770,
        769,
        769,
        769,
        769,
        770,
        769,
        770,
        770,
        770,
        770,
        769,
        769,
        769
      ],
      "y_pred": [
        769,
        770,
        770,
        769,
        770,
        770,
        769,
        770,
        769,
        769,
        769,
        770,
        770,
        770,
        769,
        770,
        769,
        769,
        769,
        769,
        770,
        769,
        770,
        770,
        770,
        770,
        769,
        769,
        770
      ],