{
  "n_splits": 5,
  "metric_names": [
    "accuracy",
    "kappa",
    "f1_weighted",
    "roc_auc"
  ],
  "mean_metrics": {
    "accuracy": 0.9509852216748769,
    "kappa": 0.901970365343287,
    "f1_weighted": 0.9509578544061302,
    "roc_auc": 0.9959863945578231
  },
  "std_metrics": {
    "accuracy": 0.03633651942051236,
    "kappa": 0.07270422182306989,
    "f1_weighted": 0.03638031408572942,
    "roc_auc": 0.0059398312797123865
  },
  "overall_metrics": {
    "accuracy": 0.9513888888888888,
    "kappa": 0.9027777777777778,
    "f1_weighted": 0.9513865444899928,
    "roc_auc": 0.9859182098765432,
    "confusion_matrix": [
      [
        69,
        3
      ],
      [
        4,
        68
      ]
    ],
    "labels": [
      769,
      770
    ]
  },
  "folds": [
    {
      "fold": 0,
      "metrics": {
        "accuracy": 0.9655172413793104,
        "kappa": 0.9311163895486936,
        "f1_weighted": 0.9655172413793104,
        "roc_auc": 1.0,
        "confusion_matrix": [
          [
            14,
            1
          ],
          [
            0,
            14
          ]
        ],
        "labels": [
          769,
          770
        ]
      },
      "n_samples": 29,
      "y_true": [
        769,
        770,
        770,
        769,
        769,
        769,
        770,
        769,
        770,
        769,
        770,
        769,
        770,
        770,
        769,
        769,
        770,
        769,
        769,
        770,
        770,
        770,
        769,
        770,
        770,
        770,
        769,
        769,
        769
      ],
      "y_pred": [
        769,
        770,
        770,
        769,
        769,
        769,
        770,
        769,
        770,
        769,
        770,
        769,
        770,
        770,
        769,
        769,
        770,
        770,
        769,
        770,
        770,
        770,
        769,
        770,
        770,
        770,
        769,
        769,
        769
      ],
      "y_proba": [
        [
          0.9999995231628418,
          5.048912612437562e-07
        ],
        [
          0.0014179007848724723,
          0.998582124710083
        ],
        [
          0.0010634289355948567,
          0.9989365935325623
        ],
        [
          0.9999969005584717,
          3.1199112981994404e-06
        ],
        [
          0.9933481812477112,
          0.006651816423982382
        ],
        [
          0.9999285936355591,
          7.145805284380913e-05
        ],
        [
          0.0015598515747115016,
          0.9984402060508728
        ],
        [
          0.9997759461402893,
          0.0002241131878690794
        ],
        [
          0.08618369698524475,
          0.9138163328170776
        ],
        [
          0.9540412425994873,
          0.04595870152115822
        ],
        [
          1.4251754976157827e-07,
          0.9999998807907104
        ],
        [
          0.9999972581863403,
          2.7493431389302714e-06
        ],
        [
          1.3716877219849266e-05,
          0.9999862909317017
        ],
        [
          0.00025443281629122794,
          0.9997455477714539
        ],
        [
          0.9999970197677612,
          2.944647576441639e-06
        ],
        [
          0.999943733215332,
          5.6244738516397774e-05
        ],
        [
          5.726579547626898e-05,
          0.9999427795410156
        ],
        [
          0.12312577664852142,
          0.8768742680549622
        ],
        [
          0.8510218262672424,
          0.14897818863391876
        ],
        [
          0.03171785548329353,
          0.968282163143158
        ],
        [
          3.3572696622741205e-08,
          1.0
        ],
        [
          3.214270805074193e-07,
          0.9999996423721313
        ],
        [
          0.6211330890655518,
          0.37886691093444824
        ],
        [
          0.0001749080402078107,
          0.9998251795768738
        ],
        [
          0.0019384209299460053,
          0.9980615973472595
        ],
        [
          0.002658386714756489,
          0.9973415732383728
        ],
        [
          0.9999996423721313,
          3.3161131796077825e-07
        ],
        [
          0.8097807765007019,
          0.1902192085981369
        ],
        [
          0.9993391633033752,
          0.0006608759867958724
        ]
      ]
    },
    {
      "fold": 1,
      "metrics": {
        "accuracy": 0.9310344827586207,
        "kappa": 0.861904761904762,
        "f1_weighted": 0.9310344827586207,
        "roc_auc": 0.9952380952380953,
        "confusion_matrix": [
          [
            14,
            1
          ],
          [
            1,
            13
          ]
        ],
        "labels": [
          769,
          770
        ]
      },
      "n_samples": 29,
      "y_true": [
        769,
        770,
        770,
        769,
        770,
        770,
        769,
        770,
        769,
        769,
        769,
        770,
        770,
        770,
        769,
        770,
        769,
        769,
        769,
        769,
        770,
        769,
        770,
        770,
        770,
        770,
        769,
        769,
        769
      ],
      "y_pred": [
        769,
        770,
        770,
        769,
        770,
        770,
        769,
        770,
        769,
        769,
        769,
        770,
        770,
        770,
        769,
        770,
        769,
        769,
        769,
        769,
        770,
        769,
        769,
        770,
        770,
        770,
        769,
        769,
        770
      ],