{
  "n_splits": 5,
  "metric_names": [
    "accuracy",
    "kappa",
    "f1_weighted",
    "roc_auc"
  ],
  "mean_metrics": {
    "accuracy": 0.6581280788177339,
    "kappa": 0.31638718204767485,
    "f1_weighted": 0.6509338731818611,
    "roc_auc": 0.6923809523809523
  },
  "std_metrics": {
    "accuracy": 0.11759271776443965,
    "kappa": 0.235537315594093,
    "f1_weighted": 0.12768707340906277,
    "roc_auc": 0.20418745555690418
  },
  "overall_metrics": {
    "accuracy": 0.6597222222222222,
    "kappa": 0.3194444444444444,
    "f1_weighted": 0.6595744680851063,
    "roc_auc": 0.7287808641975309,
    "confusion_matrix": [
      [
        46,
        26
      ],
      [
        23,
        49
      ]
    ],
    "labels": [
      769,
      770
    ]
  },
  "folds": [
    {
      "fold": 0,
      "metrics": {
        "accuracy": 0.6896551724137931,
        "kappa": 0.37410071942446044,
        "f1_weighted": 0.6851410658307211,
        "roc_auc": 0.7857142857142857,
        "confusion_matrix": [
          [
            12,
            3
          ],
          [
            6,
            8
          ]
        ],
        "labels": [
          769,
          770
        ]
      },
      "n_samples": 29,
      "y_true": [
        769,
        770,
        769,
        770,
        769,
        769,
        770,
        769,
        770,
        769,
        770,
        769,
        770,
        770,
        769,
        769,
        769,
        770,
        769,
        770,
        769,
        770,
        770,
        770,
        770,
        769,
        770,
        769,
        769
      ],
      "y_pred": [
        770,
        770,
        770,
        769,
        769,
        769,
        770,
        769,
        769,
        769,
        770,
        769,
        769,
        770,
        769,
        769,
        769,
        770,
        770,
        769,
        769,
        770,
        769,
        770,
        769,
        769,
        770,
        769,
        769
      ],
      "y_proba": [
        [
          0.43722468614578247,
          0.5627753138542175
        ],
        [
          0.3485841751098633,
          0.6514158248901367
        ],
        [
          0.3058505654335022,
          0.694149374961853
        ],
        [
          0.5990737080574036,
          0.40092629194259644
        ],
        [
          0.7519605755805969,
          0.24803945422172546
        ],
        [
          0.8864352703094482,
          0.11356475204229355
        ],
        [
          0.3376631736755371,
          0.6623367667198181
        ],
        [
          0.5144285559654236,
          0.4855715334415436
        ],
        [
          0.5987124443054199,
          0.40128758549690247
        ],
        [
          0.6893863081932068,
          0.3106136918067932
        ],
        [
          0.447879433631897,
          0.5521205067634583
        ],
        [
          0.666596531867981,
          0.3334035277366638
        ],
        [
          0.6875343918800354,
          0.3124655783176422
        ],
        [
          0.3339273929595947,
          0.6660726070404053
        ],
        [
          0.6944976449012756,
          0.305502325296402
        ],
        [
          0.6318411231040955,
          0.36815884709358215
        ],
        [
          0.8730592131614685,
          0.12694071233272552
        ],
        [
          0.48516589403152466,
          0.5148340463638306
        ],
        [
          0.42456018924713135,
          0.5754398703575134
        ],
        [
          0.5284385681152344,
          0.47156140208244324
        ],
        [
          0.6852153539657593,
          0.31478461623191833
        ],
        [
          0.4739753007888794,
          0.5260247588157654
        ],
        [
          0.5631130337715149,
          0.4368870258331299
        ],
        [
          0.4777696132659912,
          0.522230327129364
        ],
        [
          0.5363464951515198,
          0.46365347504615784
        ],
        [
          0.5789285898208618,
          0.4210714101791382
        ],
        [
          0.22680561244487762,
          0.7731943130493164
        ],
        [
          0.7602761387825012,
          0.23972384631633759
        ],
        [
          0.7181686758995056,
          0.2818313539028168
        ]
      ]
    },
    {
      "fold": 1,
      "metrics": {
        "accuracy": 0.7586206896551724,
        "kappa": 0.520094562647754,
        "f1_weighted": 0.7568903720182919,
        "roc_auc": 0.7666666666666666,
        "confusion_matrix": [
          [
            10,
            5
          ],
          [
            2,
            12
          ]
        ],
        "labels": [
          769,
          770
        ]
      },
      "n_samples": 29,
      "y_true": [
        769,
        769,
        770,
        770,
        770,
        770,
        769,
        770,
        769,
        769,
        769,
        770,
        770,
        770,
        769,
        770,
        769,
        769,
        769,
        769,
        770,
        769,
        770,
        769,
        770,
        769,
        769,
        770,
        770
      ],
      "y_pred": [
        769,
        769,
        770,
        770,
        770,
        769,
        769,
        770,
        769,
        770,
        769,
        770,
        770,
        770,
        770,
        770,
        769,
        770,
        770,
        769,
        770,
        770,
        770,
        769,
        770,
        769,
        769,
        770,
        769
      ],