{
  "n_splits": 5,
  "metric_names": [
    "accuracy",
    "kappa",
    "f1_weighted",
    "roc_auc"
  ],
  "mean_metrics": {
    "accuracy": 0.5623152709359605,
    "kappa": 0.12622503606084995,
    "f1_weighted": 0.5580057273881329,
    "roc_auc": 0.5495238095238095
  },
  "std_metrics": {
    "accuracy": 0.048137430960302444,
    "kappa": 0.09653076560899539,
    "f1_weighted": 0.050191706016237514,
    "roc_auc": 0.07356179625648576
  },
  "overall_metrics": {
    "accuracy": 0.5625,
    "kappa": 0.125,
    "f1_weighted": 0.5607843137254902,
    "roc_auc": 0.5613425925925926,
    "confusion_matrix": [
      [
        45,
        27
      ],
      [
        36,
        36
      ]
    ],
    "labels": [
      769,
      770
    ]
  },
  "folds": [
    {
      "fold": 0,
      "metrics": {
        "accuracy": 0.5517241379310345,
        "kappa": 0.10023866348448696,
        "f1_weighted": 0.5506529889177275,
        "roc_auc": 0.5380952380952382,
        "confusion_matrix": [
          [
            9,
            6
          ],
          [
            7,
            7
          ]
        ],
        "labels": [
          769,
          770
        ]
      },
      "n_samples": 29,
      "y_true": [
        769,
        770,
        770,
        769,
        769,
        769,
        770,
        769,
        770,
        769,
        770,
        769,
        770,
        770,
        769,
        769,
        770,
        769,
        769,
        770,
        770,
        770,
        769,
        770,
        770,
        770,
        769,
        769,
        769
      ],
      "y_pred": [
        770,
        770,
        769,
        770,
        769,
        769,
        769,
        770,
        769,
        770,
        770,
        769,
        769,
        769,
        769,
        769,
        770,
        769,
        769,
        770,
        770,
        769,
        770,
        769,
        770,
        770,
        769,
        769,
        770
      ],
      "y_proba": [
        [
          0.18506929278373718,
          0.8149306774139404
        ],
        [
          0.06614550203084946,
          0.9338545203208923
        ],
        [
          0.7610834836959839,
          0.2389165461063385
        ],
        [
          0.27649226784706116,
          0.7235077619552612
        ],
        [
          0.8665116429328918,
          0.13348840177059174
        ],
        [
          0.5928285121917725,
          0.40717145800590515
        ],
        [
          0.7513846158981323,
          0.24861542880535126
        ],
        [
          0.032822709530591965,
          0.9671772718429565
        ],
        [
          0.8907878398895264,
          0.10921215265989304
        ],
        [
          0.21689128875732422,
          0.7831087112426758
        ],
        [
          0.07448218017816544,
          0.9255177974700928
        ],
        [
          0.81547611951828,
          0.18452388048171997
        ],
        [
          0.885036051273346,
          0.11496398597955704
        ],
        [
          0.6284253001213074,
          0.37157467007637024
        ],
        [
          0.6352540254592896,
          0.36474594473838806
        ],
        [
          0.629805326461792,
          0.370194673538208
        ],
        [
          0.09496254473924637,
          0.9050374031066895
        ],
        [
          0.6451388597488403,
          0.3548610508441925
        ],
        [
          0.9396560192108154,
          0.060344014316797256
        ],
        [
          0.26376670598983765,
          0.7362332940101624
        ],
        [
          0.1088973805308342,
          0.8911025524139404
        ],
        [
          0.9645724892616272,
          0.03542754799127579
        ],
        [
          0.02592412568628788,
          0.9740758538246155
        ],
        [
          0.6197315454483032,
          0.3802684545516968
        ],
        [
          0.07782302796840668,
          0.9221770167350769
        ],
        [
          0.22894665598869324,
          0.7710533738136292
        ],
        [
          0.926662027835846,
          0.07333792001008987
        ],
        [
          0.6824451088905334,
          0.3175548315048218
        ],
        [
          0.18780705332756042,
          0.8121929168701172
        ]
      ]
    },
    {
      "fold": 1,
      "metrics": {
        "accuracy": 0.6551724137931034,
        "kappa": 0.3127962085308057,
        "f1_weighted": 0.654351395730706,
        "roc_auc": 0.6428571428571428,
        "confusion_matrix": [
          [
            9,
            6
          ],
          [
            4,
            10
          ]
        ],
        "labels": [
          769,
          770
        ]
      },
      "n_samples": 29,
      "y_true": [
        769,
        770,
        770,
        769,
        770,
        770,
        769,
        770,
        769,
        769,
        769,
        770,
        770,
        770,
        769,
        770,
        769,
        769,
        769,
        769,
        770,
        769,
        770,
        770,
        770,
        770,
        769,
        769,
        769
      ],
      "y_pred": [
        769,
        770,
        770,
        769,
        769,
        770,
        769,
        769,
        769,
        769,
        770,
        770,
        769,
        769,
        769,
        770,
        770,
        769,
        769,
        770,
        770,
        770,
        770,
        770,
        770,
        770,
        770,
        769,
        770
      ],